id,type,text1,text2,text3,notes
# GODHEAD,,,,,
diableavionics_godhead,SHIP,"Few Geniuses never experience Delusions of Grandeur, Fewer yet call them delusions

The Godhead class should never have existed. An Idle speculation, an upper bound curiosity, a concoction of an Ill mind to fell a fleet with a single ship, yet here it stands. Easily dwarfing a star citadel the Godhead is a prototype Super capital unsanctioned to be built by even the company who conceived it. Every metric of the ship is beyond excessive, it would be unfeasible both logistically and physically to operate if not for the numerous experimental systems and augmentations that adorn the vessel.",,,
,,,,,
# MIRAGE,,,,,
diableavionics_mirage,SHIP,"A glass cannon taken to its logical extreme,

The hull of the mirage class is little more than a scaffold for weapon mounts, wrapped around overclocked engines, a temperamental phase drive, and reactors straining to barely meet the energy demands. These concessions place the mirage into a doctrinal rock and hard place. The fragile nature of the mirage and it's exorbitant cost often relegate it to a back line escort in spite of all design decisions pointing to a purpose of harrasment and gurrellia warfare. 

Rumors persist of pilots wielding the Mirage to devastating effect.",,,
,,,,,
# FLOODs,,,,,
diableavionics_drought,SHIP,"Where the Flood sustains a fleets, its sister frame, the Drought consumes them. 

The shared frame is the extent of the resemblance; virtually every internal system has been stripped and rebuilt around salvage arms, construction rails, and the hangar infrastructure needed to deploy mining, salvage, and prospecting equipment at scale. The result is more akin to a mobile shipyard, capable of servicing, constructing, and breaking down vessels comparable in size to domain era hulks.

Whether this is considered impressive or deeply unsettling tends to depend on which side of the operation one is on.",,,
diableavionics_flood_t,SHIP,"The Flood-class was Diable Avionics' answer to a question most engineers and logisticians had stopped asking, whether a single hull could sustain an entire operation's logistical needs. The answer was yes, provided the caveat of concentrating that much strategic value in a single hull. The Flood is specifically characterized by a minimalist modular frame that can be easily outfitted with vast logistical solutions, earning the Flood a coveted position within the fleets with the needs to demand one. It's armament, while not trivial, exists to deter small scale privateers and is ultimately overwhelmed by most vessels above a destroyer class.

This variant's hull is dominated by an array of super-industrial anti-matter containment spheres, maintained by a dedicated crew of high-stress technicians. Due to the immense capacity of the Flood, few fuel depots can actually fill the vessel to capacity. Nevertheless, seasoned fleet commanders are diligent to enforce a strict exclusion zone around it, as even when under-filled, a small incident can prove catastrophic.
",,,
diableavionics_flood_f,SHIP,"The Flood-class was Diable Avionics' answer to a question most engineers and logicians had stopped asking, whether a single hull could sustain an entire operation's logistical needs. The answer was yes, provided the caveat of concentrating that much strategic value in a single hull. The Flood is specifically characterized by a minimalist modular frame that can be easily outfitted with vast logistical solutions, earning the Flood a coveted position within the fleets with the needs to demand one. It's armament, while not trivial, exists to deter small scale privateers and is ultimately overwhelmed by most vessels above a destroyer class.

This specific variant's internal volume has been outfitted with a system modular freight containers, re-configurable between port calls to suit whatever the fleet demands. In practice, this flexibility is rarely exercised due to most ports being under-equipped to operate the massive infrastructure. The Freighter variant of the Flood carries more than anything else in its class, capable of hauling entire ports, let alone their goods.",,,
,,,,,
,,,,,
,,,,,
,,,,,
,,,,,
,,,,,
,,,,,
,,,,,
,,,,,
,,,,,
,,,,,
,,,,,
,,,,,
,,,,,
,,,,,
,,,,,
,,,,,
,,,,,
,,,,,
,,,,,
,,,,,
,,,,,
,,,,,
,,,,,
,,,,,
,,,,,
,,,,,
,,,,,
,,,,,
,,,,,
,,,,,
,,,,,
,,,,,
,,,,,
,,,,,
,,,,,
,,,,,
,,,,,
,,,,,
,,,,,
,,,,,
,,,,,
,,,,,
,,,,,
,,,,,
,,,,,
,,,,,
,,,,,
,,,,,
,,,,,
,,,,,
,,,,,
,,,,,
,,,,,
,,,,,
,,,,,
,,,,,
,,,,,
,,,,,
,,,,,
,,,,,
,,,,,
,,,,,
,,,,,
,,,,,
,,,,,
,,,,,
,,,,,
,,,,,
,,,,,
,,,,,
,,,,,
,,,,,
,,,,,
,,,,,
,,,,,
,,,,,
,,,,,
,,,,,
,,,,,
,,,,,
,,,,,
,,,,,
,,,,,
,,,,,
,,,,,
,,,,,
,,,,,
,,,,,
,,,,,
,,,,,
,,,,,
,,,,,
,,,,,
,,,,,
,,,,,
,,,,,
,,,,,
,,,,,
,,,,,
,,,,,
,,,,,
,,,,,
,,,,,
,,,,,
,,,,,
,,,,,
,,,,,
,,,,,
,,,,,
,,,,,
,,,,,
,,,,,
,,,,,
,,,,,
,,,,,
,,,,,
,,,,,
,,,,,
,,,,,
,,,,,
,,,,,
,,,,,
,,,,,
,,,,,
,,,,,
,,,,,
,,,,,
,,,,,
,,,,,
,,,,,
,,,,,
,,,,,
,,,,,
,,,,,
,,,,,
,,,,,
,,,,,
,,,,,
,,,,,
,,,,,
,,,,,
,,,,,
,,,,,
,,,,,
,,,,,
,,,,,
,,,,,
,,,,,
,,,,,
,,,,,
,,,,,
,,,,,
,,,,,
,,,,,
,,,,,
,,,,,
,,,,,
,,,,,
,,,,,
,,,,,
,,,,,
,,,,,
,,,,,
,,,,,
,,,,,
,,,,,
,,,,,
,,,,,
,,,,,
,,,,,
,,,,,
,,,,,
,,,,,
,,,,,
,,,,,
,,,,,
,,,,,
,,,,,
,,,,,
,,,,,
,,,,,
,,,,,
,,,,,
,,,,,
,,,,,
,,,,,
,,,,,
,,,,,
,,,,,
,,,,,
,,,,,
,,,,,
,,,,,
,,,,,
,,,,,
,,,,,
,,,,,
,,,,,
,,,,,
,,,,,
,,,,,
,,,,,
,,,,,
,,,,,
,,,,,
,,,,,
,,,,,
,,,,,
,,,,,
,,,,,
,,,,,
,,,,,
,,,,,
,,,,,
,,,,,
,,,,,
,,,,,
,,,,,
,,,,,
,,,,,
,,,,,
,,,,,
,,,,,
,,,,,
,,,,,
,,,,,
,,,,,
,,,,,
,,,,,
,,,,,
,,,,,
,,,,,
,,,,,
,,,,,
,,,,,
,,,,,
,,,,,
,,,,,
,,,,,
,,,,,
,,,,,
,,,,,
,,,,,
,,,,,
,,,,,
,,,,,
,,,,,
,,,,,
,,,,,
,,,,,
,,,,,
,,,,,
,,,,,
,,,,,
,,,,,
,,,,,
,,,,,
,,,,,
,,,,,
,,,,,
,,,,,
,,,,,
,,,,,
,,,,,
,,,,,
,,,,,
,,,,,
,,,,,
,,,,,
,,,,,
,,,,,
,,,,,
,,,,,
,,,,,
,,,,,
,,,,,
,,,,,
,,,,,
,,,,,
,,,,,
,,,"The Nightingale's unique cyclopean head design was rumored to be based on a old popular antagonist design in a old show from the Pre-Domain era. Reports indicate that a sharp avian screech can sometimes be heard in the vacuum of space in the heat of battle when the Nightingale's reactor reaches high energy output. It is unclear whetever or not this is due to the ""Vibration caused by energized particle gliding across metal"" statement given by Diable Avionics or a part of a wider psy-op against the enemies of the corp",,
,,,,,
,,,,,
,,,,,
,,,,,
,,,,,
,,,,,
,,,,,
,,,,,
,,,,,
,,,,,
,,,,,
,,,,,
,,,,,
,,,,,
,,,,,
,,,,,
,,,,,
,,,,,
,,,,,
,,,Point Defense,,
,,,,,
,,,Point Defense,,
,,,,,
,,,,,
,,,,,
,,,,,
,,,,,
,,,Assault,,
,,,,,
,,,Assault,,
,,,,,
,,,,,
,,,,,
,,,,,
,,,,,
,,,Assault,,
,,,,,
,,,Assault,,
,,,,,
,,,,,
,,,,,
,,,,,
,,,,,
,,,Assault,,
,,,,,
,,,Assault,,
,,,,,
,,,,,
,,,,,
,,,,,
,,,,,
,,,Support,,
,,,,,
,,,Support,,
,,,,,
,,,,,
,,,,,
,,,,,
,,,Assault,,
,,,,,
,,,,,
,,,,,
,,,,,
,,,,,
,,,Assault,,
,,,,,
,,,,,
,,,,,
,,,,,
,,,,,
,,,,,
,,,,,
,,,,,
,,,,,
,,,,,
,,,Support,,
,,,,,
,,,,,
,,,,,
,,,,,
,,,,,
,,,Point Defense,,
,,,,,
,,,Assault,,
,,,,,
,,,,,
,,,,,
,,,,,
,,,,,
,,,Fire Support,,
,,,,,
,,,,,
,,,,,
,,,,,
,,,,,
,,,Support,,
,,,,,
,,,,,
,,,,,
,,,,,
,,,,,
,,,Point Defense,,
,,,,,
,,,,,
,,,,,
,,,,,
,,,,,
,,,Support,,
,,,,,
,,,,,
,,,,,
,,,,,
,,,,,
,,,Assault,,
,,,,,
,,,Assault,,
,,,,,
,,,,,
,,,,,
,,,,,
,,,,,
,,,Assault,,
,,,,,
,,,,,
,,,,,
,,,,,
,,,,,
,,,,,
,,,,,
,,,,,
,,,,,
,,,,,
,,,Strike,,
,,,,,
,,,Strike,,
,,,,,
,,,,,
,,,,,
,,,,,
,,,,,
,,,Point Defense,,
,,,,,
,,,,,
,,,,,
,,,,,
,,,,,
,,,,,
,,,,,
,,,,,
,,,Fire Support,,
,,,,,
,,,Fire Support,,
,,,,,
,,,Fire Support,,
,,,,,
,,,Fire Support,,
,,,,,
,,,Fire Support,,
,,,,,
,,,Fire Support,,
,,,,,
,,,Fire Support,,
,,,,,
,,,,,
,,,,,
,,,,,
,,,,,
,,,Fire Support,,
,,,,,
,,,Fire Support,,
,,,,,
,,,Fire Support,,
,,,,,
,,,,,
,,,,,
,,,,,
,,,,,
,,,Assault,,
,,,,,
,,,,,
,,,,,
,,,,,
,,,,,
,,,Fire Support,,
,,,,,
,,,,,
,,,,,
,,,,,
,,,,,
,,,,,
,,,,,
,,,,,
,,,,,
,,,,,
,,,,,
,,,,,
,,,Assault,,
,,,Assault,,
,,,Assault,,
,,,,,
,,,,,
,,,Assault,,
,,,Assault,,
,,,Assault,,
,,,,,
,,,,,
,,,,,
,,,,,
,,,,,
,,,,,
,,,Point Defense,,
,,,Support,,
,,,Assault,,
,,,Point Defense,,
,,,,,
,,,Assault,,
,,,Assault,,
,,,Shield Breaker,,
,,,Shield Breaker,,
,,,Shield Breaker,,
,,,Shield Breaker,,
,,,Long Range Strike,,
,,,Long Range Strike,,
,,,General,,
,,,General,,
,,,Anti-Armor,,
,,,Anti-Armor,,
,,,Anti-Armor,,
,,,Anti-Armor,,
,,,Anti-Shield,,
,,,Anti-Shield,,
,,,,,
,,,,,
,,,,,
,,,,,
,,,,,
,,,,,
,,,,,
,,,Assault,,
,,,,,
,,,Assault,,
,,,,,
,,,Point Defense,,
,,,,,
,,,,,
,,,,,
,,,,,
,,,,,
,,,,,
,,,,,
,,,,,
,,,,,
,,,,,
,,,,,
,,,,,
,,,,,
,,,Drones ,Generates a protective wave reducing incoming damage and propelling the ship in the desired direction.,
,,,,,
,,,Movement,"Rapidly reorients the ship in the desired bearing with a nudge in the velocity direction. Drains a small amount of flux, especially when the shields are down.",
,,,Movement,"Rapidly reorients the ship in the desired bearing with a nudge in the velocity direction. Drains a small amount of flux, especially when the shields are down.",
,,,,,
,,,Drones ,Deploys up to four drones and boosts various systems on the ship depending on their assigned behavior.,
,,,,,
,,,Movement,Allows instant relocation toward the current velocity vector. A heavy Core allows for three charges.,
,,,,,
,,,Movement,Allows instant relocation toward the current velocity vector. A light core has a brief cooldown and up to four charges.,
,,,,,
,,,Movement,"An extremely complex contraption of hinges and moving part allow this versatile frame to concentrate all available thrust to the rear for maximum speed and acceleration, and changes back to a more maneuverable form when close to the enemy.",
,,,,,
,,,Movement,"An extremely complex contraption of hinges and moving part allow this versatile frame to concentrate all available thrust to the rear for maximum speed and acceleration, and changes back to a more maneuverable form when close to the enemy.",
,,,,,
,,,Offensive,"Assigns all available flux dissipation capacity to the weapons systems, allowing for a brief surge in damage output and fire rate.",
,,,,,
,,,Special,"Interferes with all hostile missiles, denying them any form of tracking within 2000su of the emitting ship.",
,,,,,
,,,Movement,Evades incoming ordnance by executing a brief maneuver out of the way.,
,,,,,
,,,Offensive," ""While you were partying, I studied the blade"" ",
,,,,,
,,,Offensive," ""Time to let old painless out of the bag."" ",
,,,,,
,,,Offensive," ""I do not kill with my gun; He who kills with his gun has forgotten the face of his father. I kill with my heart."" ",
,,,,,
,,,Movement,Drop the booster engine and unlocks the weapons.,
,,,,,
,,,Special,Halve the refit time of carried fighter wings but doubles the Fighter replacement rate gauge consumption.,
,,,,,
,,,Fighter,"Temporarily gives remote control of the resident wing to an Ace safely piloting from the carrier, increasing its performance and durability significantly.",
,,,,,
,,,Defensive,"Reduces the damage taken by shields to a minimum for a short duration, but generates hard flux while active.",
,,,,,
,,,Offensive,Dramatically increases the weapons rotation speed and fire-rate for a few seconds.,
,,,,,
,,,Drones ,Deploys two Point Defense drones.,
,,,,,
,,,Offensive,"And Dah' said: I shall cut thy army in half, and in half again. Only then your spirit will be tested.",
,,,,,
,,,Defensive,Increases the shield efficiency tenfold for a very short while.,
,,,,,
,,,,,
,,,,,
,,,Defensive,"Restore up to half the lost hull integrity since the last use, disable the weapons but increases the ship's acceleration.",
,,,,,
,,,Teleporter,Allows instant short-range relocation toward the current velocity vector with a damaging burst of EMP arcs that also destroy projectiles. Holds many charges that replenish at a rapid pace.,
,,,Defense,Increases weapons range and shield strength at the cost of all mobility and flux dissipation. Deactivation gives a massive boost to speed and active venting.,
,,,Special,Speeds up the flow of time on board the ship for a very short while. Holds two charges and generates a small amount of hard flux when used.,
,,,Special,Launches a large salvo of Micro-Missiles at all targets in a large area around the ship.,
,,,,,
,,,,,
,,,,,
,,,,,
,,,Drones,Extra durable armor protects the front from all known attacks.,
,,,,,
,,,Movement,"Forcibly activates the engine assembly with stabilizing agents to allow a slow charge of the burn drive but with limitless duration, as long as the flux capacitors hold.",
