name,id,tier,rarity,tech/manufacturer,tags,uiTags,base value,unlocked,hidden,hiddenEverywhere,cost_frigate,cost_dest,cost_cruiser,cost_capital,script,desc,short,sModDesc,sprite
0KS Structure Gel Harness,madavionics_gel,4,,Diable Avionics,,,,,TRUE,,10,15,20,30,data.hullmods.DiableAvionicsGel,"Infrastructure lining the hull circulates an experimental meta-material capable of rearranging its atomic structure to ""minimize local entropy"". In practice, the ship passively repairs hull damage at a rate proportional to its severity, reducing routine maintenance costs, while significantly increasing repair expenses to replenish consumed structure gel.

The ship self-repairs at a rate proportional to its damage, with regeneration accelerating as hull integrity drops.
At %s hull, the ship regenerates %s points per second; at %s hull, %s points per second, with a minimum rate of %s points per second.",Hull regenerates based on integrity,Regeneration never falls below %s hull points per second,graphics/da/hullmods/diableavionics_gel.png
,,,,,,,,,,,,,,,,,,,
0KP Godhead Core,madavionics_godcore,4,,Diable Avionics,,,,,TRUE,,0,0,0,0,data.hullmods.DiableAvionicsGodCore,"This hull is built to a far greater scale than most conventional warships, resulting in a profile and sensor signature %s units larger than average. Its combat sight radius is extended by %s. The over sized weapon batteries grant %s increased weapon health, %s additional range to all non-missile, non-point defense weapons, and %s additional range to point defense weapons. Experimental Avionics allow the ship to maintain a zero flux boost so long as it is generating less than %s of it's maximum flux.","To all you so called gods, Gaze apon my works and despair.",,graphics/da/hullmods/diableavionics_oversized.png
0KM Godhead Module,madavionics_godmod,4,,Diable Avionics,,,,,TRUE,,0,0,0,0,data.hullmods.DiableAvionicsGodMod,"This hull's superstructure supports weapon batteries of exceptional scale, granting %s increased weapon health, %s additional range to all non-missile, non-point defense weapons, and %s additional range to point defense weapons. Experimental Avionics allow the ship to maintain a zero flux boost so long as it is generating less than %s of it's maximum flux.","And I shall crown you 12, my apostles.",,graphics/da/hullmods/diableavionics_oversized.png
0KQ Godhead ECM,madavionics_godecm,4,,Diable Avionics,,,,,TRUE,,0,0,0,0,data.hullmods.DiableAvionicsGodEcm,"This hull's superstructure houses an array of advanced sensor and electronic warfare systems, granting %s increased nav rating, %s ECM bonus, and %s additional range to all point defense weapons. Furthermore, whilst it's system is active, the module deals %s EMP damage per second to enemy ships and missiles","From break and ruin, the greatest performance begins.",,graphics/da/hullmods/diableavionics_oversized.png
Junk,madavionics_junk,,,Diable Avionics,,,,,TRUE,TRUE,0,0,0,0,data.hullmods.DiableAvionicsJunk,Implements logic to make this module disappear when appropriate? How are you reading this?,Makes Junk disappear when thing dead,,graphics/da/hullmods/diableavionics_oversized.png
Tanker,madavionics_boom,,,Diable Avionics,,,,,TRUE,TRUE,0,0,0,0,data.hullmods.DiableAvionicsBoom,Implements logic to increase antimatter tanker explosion radius,"3x Boom radius, 4x boom damage",,graphics/hullmods/reduced_explosion.png
